{
  "_fake_gpus": false,
  "_use_trajectory_view_api": true,
  "batch_mode": "truncate_episodes",
  "callbacks": "<class 'aie.callbacks.MyCallbacks'>",
  "clip_actions": true,
  "clip_param": 0.25,
  "clip_rewards": null,
  "collect_metrics_timeout": 180,
  "compress_observations": false,
  "create_env_on_driver": false,
  "custom_eval_function": null,
  "custom_resources_per_worker": {},
  "eager_tracing": false,
  "entropy_coeff": 0.0001,
  "entropy_coeff_schedule": null,
  "env": "<class 'aie.aie_env.AIEEnv'>",
  "env_config": {
    "components": [
      [
        "Build",
        {
          "payment_max_skill_multiplier": 3,
          "skill_dist": "pareto"
        }
      ],
      [
        "ContinuousDoubleAuction",
        {
          "max_num_orders": 5
        }
      ],
      [
        "Gather",
        {}
      ],
      [
        "PeriodicBracketTax",
        {
          "bracket_spacing": "us-federal",
          "period": 100,
          "tax_model": "us-federal-single-filer-2018-scaled"
        }
      ]
    ]
  },
  "evaluation_config": {},
  "evaluation_interval": null,
  "evaluation_num_episodes": 10,
  "evaluation_num_workers": 0,
  "exploration_config": {
    "type": "StochasticSampling"
  },
  "explore": true,
  "extra_python_environs_for_driver": {},
  "extra_python_environs_for_worker": {},
  "fake_sampler": false,
  "framework": "tf",
  "gamma": 0.99,
  "grad_clip": null,
  "horizon": null,
  "ignore_worker_failures": false,
  "in_evaluation": false,
  "input": "sampler",
  "input_evaluation": [
    "is",
    "wis"
  ],
  "kl_coeff": 0.2,
  "kl_target": 0.01,
  "lambda": 0.9,
  "local_tf_session_args": {
    "inter_op_parallelism_threads": 8,
    "intra_op_parallelism_threads": 8
  },
  "log_level": "WARN",
  "log_sys_usage": true,
  "logger_config": null,
  "lr": 0.0001,
  "lr_schedule": [
    [
      0,
      0.0003
    ],
    [
      45000000,
      0.0003
    ],
    [
      75000000,
      1e-06
    ]
  ],
  "memory": 0,
  "memory_per_worker": 0,
  "metrics_smoothing_episodes": 100,
  "min_iter_time_s": 0,
  "model": {
    "_time_major": false,
    "attention_dim": 64,
    "attention_head_dim": 32,
    "attention_init_gru_gate_bias": 2.0,
    "attention_memory_inference": 50,
    "attention_memory_training": 50,
    "attention_num_heads": 1,
    "attention_num_transformer_units": 1,
    "attention_position_wise_mlp_dim": 32,
    "conv_activation": "relu",
    "conv_filters": null,
    "custom_action_dist": null,
    "custom_model": null,
    "custom_model_config": {},
    "custom_preprocessor": null,
    "dim": 84,
    "fcnet_activation": "tanh",
    "fcnet_hiddens": [
      256,
      256
    ],
    "framestack": true,
    "free_log_std": false,
    "grayscale": false,
    "lstm_cell_size": 256,
    "lstm_use_prev_action": false,
    "lstm_use_prev_action_reward": -1,
    "lstm_use_prev_reward": false,
    "max_seq_len": 20,
    "no_final_linear": false,
    "num_framestacks": "auto",
    "use_attention": false,
    "use_lstm": false,
    "vf_share_layers": false,
    "zero_mean": true
  },
  "monitor": false,
  "multiagent": {
    "policies": {
      "learned": [
        null,
        "Dict(Build-build_payment:Box(0.0, inf, (1,), float32), Build-build_skill:Box(0.0, inf, (1,), float32), ContinuousDoubleAuction-available_asks-Stone:Box(0.0, inf, (11,), float32), ContinuousDoubleAuction-available_asks-Wood:Box(0.0, inf, (11,), float32), ContinuousDoubleAuction-available_bids-Stone:Box(0.0, inf, (11,), float32), ContinuousDoubleAuction-available_bids-Wood:Box(0.0, inf, (11,), float32), ContinuousDoubleAuction-market_rate-Stone:Box(0.0, inf, (1,), float32), ContinuousDoubleAuction-market_rate-Wood:Box(0.0, inf, (1,), float32), ContinuousDoubleAuction-my_asks-Stone:Box(0.0, inf, (11,), float32), ContinuousDoubleAuction-my_asks-Wood:Box(0.0, inf, (11,), float32), ContinuousDoubleAuction-my_bids-Stone:Box(0.0, inf, (11,), float32), ContinuousDoubleAuction-my_bids-Wood:Box(0.0, inf, (11,), float32), ContinuousDoubleAuction-price_history-Stone:Box(0.0, inf, (11,), float32), ContinuousDoubleAuction-price_history-Wood:Box(0.0, inf, (11,), float32), Gather-bonus_gather_prob:Box(0.0, 1.0, (1,), float32), action_mask:Box(0.0, 1.0, (50,), float32), time:Box(0.0, 1.0, (1, 1), float32), world-idx_map:Box(0.0, 5.0, (2, 11, 11), float32), world-inventory-Coin:Box(0.0, inf, (1,), float32), world-inventory-Stone:Box(0.0, inf, (1,), float32), world-inventory-Wood:Box(0.0, inf, (1,), float32), world-loc-col:Box(0.0, 1.0, (1,), float32), world-loc-row:Box(0.0, 1.0, (1,), float32), world-map:Box(0.0, 1.0, (7, 11, 11), float32))",
        "Discrete(50)",
        {
          "model": {
            "custom_model": "my_model"
          }
        }
      ]
    },
    "policies_to_train": [
      "learned"
    ],
    "policy_mapping_fn": "<function <lambda> at 0x000001A46C55ECA0>"
  },
  "no_done_at_end": false,
  "normalize_actions": false,
  "num_cpus_for_driver": 1,
  "num_cpus_per_worker": 1,
  "num_envs_per_worker": 30,
  "num_gpus": 0,
  "num_gpus_per_worker": 0,
  "num_sgd_iter": 10,
  "num_workers": 2,
  "object_store_memory": 0,
  "object_store_memory_per_worker": 0,
  "observation_filter": "NoFilter",
  "optimizer": {},
  "output": null,
  "output_compress_columns": [
    "obs",
    "new_obs"
  ],
  "output_max_file_size": 67108864,
  "postprocess_inputs": false,
  "preprocessor_pref": "deepmind",
  "remote_env_batch_wait_ms": 0,
  "remote_worker_envs": false,
  "replay_sequence_length": 1,
  "rollout_fragment_length": 200,
  "sample_async": false,
  "sample_collector": "<class 'ray.rllib.evaluation.collectors.simple_list_collector.SimpleListCollector'>",
  "seed": null,
  "sgd_minibatch_size": 500,
  "shuffle_buffer_size": 0,
  "shuffle_sequences": true,
  "simple_optimizer": false,
  "soft_horizon": false,
  "synchronize_filters": true,
  "tf_session_args": {
    "allow_soft_placement": true,
    "device_count": {
      "CPU": 1
    },
    "gpu_options": {
      "allow_growth": true
    },
    "inter_op_parallelism_threads": 2,
    "intra_op_parallelism_threads": 2,
    "log_device_placement": false
  },
  "timesteps_per_iteration": 0,
  "train_batch_size": 3000,
  "use_critic": true,
  "use_gae": true,
  "vf_clip_param": 10.0,
  "vf_loss_coeff": 0.05,
  "vf_share_layers": -1
}